id_str,full_text,Sentiment
1.72E+18,@HusinShihab bacot. di tempat gue bapaknya caleg pdi,negative
1.72E+18,@Ajib20293663 Politik dinasti itu klo di tunjuk lsg anak jd menteri misal nya   Klo si gibran itu msih harus di pilih rakyat,positive
1.72E+18,@m_nurfatoni @gibran_tweet maksudnya politik dinasti??? lah ini yg milih rakyat,positive
1.72E+18,@Dadank89204401 @obed_suyatno @AirinDatangLagi salahnya politik dinasti? kan yang milih rakyat? https://t.co/I6IpBILJEz,positive
1.72E+18,@hilmi_ji @officialbilsam @planetaneptunus @Gerindra @PolJokesID politik dinasti apaan?   kalau ujung-ujungnya rakyat yang milih ya nggak dinasti,negative
1.72E+18,@ekokuntadhi1 Sama2 dinasti,negative
1.72E+18,@narkosun Justru yg milih YA itu org bodoh,positive
1.72E+18,Rakyat cuma milih iya apa tidak,positive
1.72E+18,@CNNIndonesia Dinasti (kalau memang itu disebut dinasti) silakan saja wong yang milih rakyat. Tapi jangan juga pakai acara mengoprek UU pak,positive
1.72E+18,Ini gak disebut MENATA KATA? Spt ISU sudah BUKAN KELUARGA karena BEDA Kartu Keluarga (KK). #Dagelan Yang Milih Rakyat agar terlihat Alami tapi yang NGATUR/CAWE² ya Bapaknya. 🤮 Terlalu LUGU bin DUNGU Orang² yg dukung ALASAN Bapak ini ttg POLITIK DINASTI.  \Mukenye sih Ndeso...,negative
1.72E+18,@narkosun Itu menunjukkan bhw rakyat Konoha itu gampang di bodohi,negative
1.72E+18,dinasti politik. Yg milih rakyat bukan elit politik. Kalau pun memang tidak menyalahgunakan kekuasaan,positive
1.72E+18,@prabu_2112 @Putra_Adi_YM @saiful_mujani Ya betul tapi kalau semua paham dari situlah politik dinasti dimulai karena tidak akan mungkin kalahlah kalau anak/ menantu ikut pilkada dan dulu malah dibela yg milih rakyat lah dan imbasnya sekarang karena kekuas,negative
1.72E+18,politik dinasti dr mana wkwk yg milih kan rakyat🤣,positive
1.72E+18,Ini,positive
1.72E+18,Terkait politik dinasti,positive
1.72E+18,@KompasTV Dlm negara demokrasi yg milih rakyat itu bener Pak @jokowi tp dlm negara demokrasi jg diajarkan tentang etika/adab dlm berpolitik..krn kita bkn negara komunis/otoriter..apakah rakyat indonesia semuanya dianggap bodoh dn satu suara soal pemahaman,positive
1.72E+18,@CNNIndonesia Yg milih mmg rakyat,positive
1.72E+18,Aku juga bingung. Secara undang2,positive
1.72E+18,@tvOneNews yang milih rakyat yang nyoblos rakyat kalo mayoritas gak demen sama dinasti politik,positive
1.72E+18,@liputan6dotcom Rupiah masih aman (karena masyarakat belanjanya pakai rupiah). Politik Dinasti noproblem,positive
1.72E+18,@Mbahhardiman @kumparan Tinggal rakyat yg milih . Kalo gamau politik dinasti tinggal nyoblos anies,positive
1.72E+18,@Lembayung071 Yang milih memang rakyat tapi yang ngutak-ngatik peraturan dan hukum itu kekuasaan,negative
1.72E+18,@Dennysiregar7 dulu kami sudah protes dan wanti wanti politik dinasti saat anak menantu Jokowi maju di politik,negative
1.72E+18,@kompascom Emang bener yg milih rakyat,positive
1.72E+18,@hiiii_denn @ernestprakasa Politik dinasti politik dinasti. Org yg milih aja rakyat 😂 ya salahin rakyat dong yg milih wkwk,positive
1.72E+18,Politik dinasti itu diwariskan,positive
1.72E+18,Tanggapan Jokowi saat ditanya Hubungan dengan Megawati dan Perihal soal Politik Dinasti.   Seperti biasa jawabannya rada rada kagak nyambung,negative
1.72E+18,@Flying_Crack @neohistoria_id Dinasti politik kalau itu sistemnya kerajaan,positive
1.72E+18,Halah dari awal gw juga paham cara main kalian.keenakan suara naik karena pildun20 terus isunya mau dibawa terus ke pilpres. Kau fikir rakyat mau milih presiden FIFA. Rakyat tetap gak akan lupa Dinasti politik dibanding isu recehan mu. Pengalihan isumu basi.   🤏🤣,negative
1.72E+18,Politik dinasti ini udah dari dulu,negative
1.72E+18,@m_nurfatoni @gibran_tweet Cari literatur lagi deh pak soal politik Dinasti. Kalo politik Dinasti itu kekuasaan yg dilimpahkan lgsg lha ini kan yg milih rakyat,positive
1.72E+18,@saiful_mujani Politik Dinasti   TIDAK ADA dalam demokrasi Asal - sesuai konstitusi - bisa bekerja  buat rakyat  - tidak korupsi ,negative
1.72E+18,@GibranRakabumi Nahhh bener mas gitu dong di counter issue.  Gak ada politik dinasti lagi,positive
1.72E+18,@BlTTERSWlFT @riouchida00 @neohistoria_id Gue jg bingung bang,positive
1.72E+18,kalo ditanya soal dinasti politik ke gua bukan karena gua dukung prabowo ya,positive
1.72E+18,@kumparan Sama aj,positive
1.72E+18,jadi kepikiran,positive
1.72E+18,Oia banyak jg bilang dinasti politik,negative
1.72E+18,Ini kan demokrasi,positive
1.72E+18,@PINJOLBIADAB @03__nakula politik dinasti itu kayak korea Utara langsung nunjuk anaknya jd penerusnya demokrasi yg milih rkayat kok politik dinasti?kocak cebong gurun ini itu mega drdolo jualan puan tp g laku mau maksain nyapres jg dah pas pasti kalah kar,positive
1.72E+18,@WinnerWave_ @dawiguna @Nordicblackmtl Yang milih kan rakyat,positive
1.72E+18,@Miduk17 Di dalam Politik dinasti politik itu ga ada apalagi Kalau Usia cawapres harus 40thn itu nama nya kemunduran ,positive
1.72E+18,@jokowi Politik dinasti? Kan nanti rakyat langsung yg bakal milih atau tidak memilih. Anda pak,positive
1.72E+18,Ternyata mereka semua berhenti berkomentar tentang DINASTI POLITIK.  Kenapa ? Untuk bisa dikatakan dinasti politik itu ada 2 syarat.   1. Seleksi dilakukan oleh Elit. 2. Pemilihan (Eleksi) dilakukan oleh Elit.  Jd klo rakyat yg milih,positive
1.72E+18,@m_nurfatoni @gibran_tweet politik dinasti,positive
1.72E+18,@PartaiSocmed @Dennysiregar7 Anak menantu jadi walikota pada bilang  yg milih kan rakyat,negative
1.72E+18,@ernestprakasa Kan yang milih rakyat juga tohh kalo gaada yang pilih gaakan jga ada politik dinasti sesimpel itu toh,positive
1.72E+18,@Fahrihamzah Sebenarnya tidak ada istilah politik dinasti di negara kita,positive
1.72E+18,"kalo prabowo menang wow banget sih nih rakyat indonesia mau maunya politik dinasti beneran ada. kalo ganjar menang lebih edan lagi bisa2nya masih milih anaknya nenek"" WKWK. kalo satu lagi sejauh ini isunya korupsi dan politik identitas",negative
1.72E+18,dinasti politik itu bagaimana? pdhl secara langsung yang milih juga rakyat 🤭,positive
1.72E+18,Isu Dinasti Politik Trah Presiden Jokowi Mencuat,positive
1.72E+18,@BangPino__ Politik dinasti? 🤣yg milih aja rakyat,positive
1.72E+18,Prabowo Cinta Rakyat Isu Dinasti Politik Trah Presiden Jokowi Mencuat,negative
1.72E+18,Saat Pilwako Solo,positive
1.72E+18,@chandra_siap @detikcom Kok bisa politik dinasti? Kan nanti pemilu,positive
1.72E+18,@asumsico Selamat berkompetisi mase @gibran_tweet . Yang gasuka tinggal gausah pilih. Klo menang pun bukan politik dinasti karena rakyat langsung yg milih. Woles aja gausah pada kbakaran jenggot.,positive
1.72E+18,@romlipintar @yogaJFT96 @yunartowijaya Politik dinasti gimane? Yg milih ttp rakyat koq,positive
1.72E+18,@PartaiSocmed Politik dinasti adalah politik kerajaan Dipilih raja diganti jg sama raja Masih ingat pilitik dinasti banten? Yg milih rakyat Yg sengsara yg enak rakyat Kalo gak suka gak usah pilih Kok repot Yg menghujat karna bersebrangan dan takut kalah s,positive
1.72E+18,@kompascom Yup betul jawaban Kaesang.. klo yg milih presiden bs jd dinasti politik.. kan masyarat sendiri yg milih... Sama kayak presiden yg ngajuin partai tp klo TDK di pilih rakyat y gak bakal jd presiden,positive
1.72E+18,@Tweetone7 @Wandixxx69 @frdlh___ @gibran_tweet @PDI_Perjuangan @jokowi Begini kawan. Yg milih itu rakyat.. Lo pahami politik dinasti n nepotisme.. Klo nepotisme iya klo politik dinasti ya jelas gak ada.. Jgn bacot. Laporkan aja. Atau kalian hanya modal fr,positive
1.72E+18,@Dennysiregar7 Tidak ada politik dinasti di era pemilihan langsung... karena yg milih kan rakyat,positive
1.72E+18,@abu_waras Secara KK nya jg udh berbeda,positive
1.72E+18,@FyCrypto @kompascom Bukan nyalahin,positive
1.72E+18,@yunartowijaya Kn yg milih rakyat..apa salahnya...jmn pk harto yg milih orang dalam...itu dinamakan dinasti politik..,positive
1.72E+18,Dinasti politik bagaimana lah wong sekarang yg milih rakyat langsung kok?g lembaga survei g baser beras raskin kok sewotnya sekarang!!! kemarin anda pada kemana pas Gibran rencana mau nyalon Cawalkot??tidur kah kalian??🤔🤔🖌️🙇kok koar2 nya sekarang 🤣🤣🤣,positive
1.72E+18,@Uwaisalatas @democrazymedia Bukan politik dinasti kan nanti yg milih rakyat ...,positive
1.72E+18,@Fahrihamzah Baru jadi cawapres udah dibilang politik dinasti,positive
1.72E+18,@_nusaena @frdlh___ @gibran_tweet Kan yg dirubah syarat,negative
1.72E+18,@nabildetra @kompascom Emang guoblok kok Yg milih rakyat Yg nentuin rakyat Yg ngambil keputusan rakyat  Menggonggong dinasti politik  Satu kata untuk mereka GUOBLOK,positive
1.72E+18,@CNNIndonesia Politik dinasti itu ya sah secara hukum. Tp cacat secara logika. Bayangkan diantara ratusan juta rakyat indonesia kita dipaksa milih itu itu lagi.,negative
1.72E+18,@AfzanJf @kumparan itulah bodohnya Menggonggong dinasti politik sedangkan yg milih y rakyat bukan diwariskan..dinasti politik dimananya?  Kan tggl jgn pilih saja  Guoblok yg menggonggong dinasti politik,positive
1.72E+18,Jangan mau dibohongi sama [redacted] ttg politik dinasti. Yg nentuin calon bukan rakyat. Yg nentuin popularitas bukan melalui proses yg organik. Kita cuma disuruh milih apa yg dipilihin sama parpol &amp  sistem itu sendiri yg bikin kaderisasi rusak,positive
1.71E+18,Kenapa bisa disebut politik dinasti klo yg milih rakyat sendiri..🤔,positive
1.71E+18,"@dennyindrayana Heran sama orang yg heboh bilang Politik Dinasti""",positive
1.71E+18,@andry19633 @RamliRizal Dinasti politik sebelum putusan MK sdh banyak contohnya di indonesia coba lihat di beberapa parpol dan kepala2 daerah. Jadi gak usah ribut,negative
1.71E+18,@strike_bravo_b @lunar_lioness @roan_gylberth tp ya om elektabilitas msh bisa dikejar ga sih. apalagi klo prab milih gibran yg nanti promosi penerus bpknya ,positive
1.71E+18,@venomousveina Politik dinasti terjadi yah karena rakyat yang milihnya juga. Kan kalo rakyat ga milih ga akan kepilih itu anak/cucu/menantu orang yang lagi/pernah berkuasa.,positive
1.71E+18,@blusteiry @PartaiSocmed bejir politik dinasti tuh ketika pa jokowi milih langsung anakny jadi pejabat,positive
1.71E+18,@GunRomli Yg milih rakyat tapi kenapa dibilang dinasti politik,positive
1.71E+18,Saya rasa politik dinasti itu seperti apa ci..la sekrang eranya demokrasi og masih aja ngomong politik dinasti.kan ada mekanisme pilihan rakyat y klo gk mau milih y monggo yg mau milih y monggo.kan gitu,positive
1.71E+18,@CttnDmkrs @karniilyas Sopo yg milih dia,negative
1.71E+18,Dengan lolosnya putusan MK,negative
1.71E+18,Kalau anda ga setuju Politik Dinasti,negative
1.71E+18,@PartaiSocmed Disini gua udah makin yakin pilpres ini bakal dicurangi hasilnya. Krn polemik MK ini harusnya bakal buat elektabilitas yg bersangkutan jeblok krn masayarakat geram liat politik dinasti,negative
1.71E+18,@kumparan @kumparanplus Orang bodoh yg menyebut dinasti politik @jokowi ,negative
1.71E+18,@detikcom mreka tau politik dinasti nggk ya? wong yg milih rakyat langsung,positive
1.71E+18,@catchmeupid Politik dinasti,negative
1.71E+18,@AlissaWahid @gibran_tweet @jokowi Kata nya yg milih kan tetep rakyat. Itu kan bukan politik dinasti,positive
1.71E+18,Dinasti itu tidak ada dalam demokrasi,positive
1.71E+18,@rayestu kalo masih milih si nganu jr,negative
1.71E+18,@PolJokesID @gibran_tweet @EmilDardak @Dennysiregar7 Dulu pas di bilang dinasti politik di bela,negative
1.71E+18,@sipalingmade Loh ini kan hasil demokrasi bkn dinasti politik,positive
1.71E+18,@rayasemesta23 @gibran_tweet Politik Dinasti apaan sih anj wkwk,negative
1.71E+18,@Dennysiregar7 Politik dinasti tahap 1 gagal oleh MK,negative
1.71E+18,@dennyindrayana bacot kwkwwk sakit hati ya lu,negative
1.71E+18,@Kanjeng2022 apa apa kok politik dinasti,positive
1.71E+18,"gabisa dibilang politik dinasti karena rakyat yang milih""  argumentasi tolol ala2 buzzer gini masi ae dipake""",positive
1.71E+18,@Dennysiregar7 Siapa menghianati siapa ? Mau framing terus Politik dinasti,negative
1.71E+18,Dinasti Politik kalau ga ada rakyat yang milih susah,positive
1.71E+18,Pemilu 5tahun sekali dan dipilih langsung oleh Rakyat dan cuman bs terpilih 2x terus  msh Oon sih bilang Dinasti politik?? emang yg Milih cmn yg bilang Dinasti politik sj? apa Rkyt akan milih krn dish duit? dll?? wong Ketum @PDI_Perjuangan  tdk jd meski pernah RI_1 @jokowi,positive
1.71E+18,@Levyazlin @PartaiSocmed Politik dinasti apa bahayanya sih? Bukannya yang milih rakyat juga?,positive
1.71E+18,@Ahlikomik Ngomong dinasti politik tp ga paham faktanya,positive
1.71E+18,@RamliRizal Karena rakyat mayoritas yg milih presiden,positive
1.71E+18,@Dennysiregar7 Memang udh rusak demokrasi di nkri era skrg,negative
1.71E+18,@KitoPlg95013 @WagimanDeep212_ @pengarang_sajak Ya memang itu aja,negative
1.71E+18,@YosefArdi1 @valanchie @pengarang_sajak @kaesangp Lu tidak setuju y itu hak elu..   Tp Gibran,negative
1.71E+18,@UmarSyadatHsb__ Klo rakyat cerdas mereka g bkal pilih Prabowo Gibran knpa,negative
1.71E+18,@ekowboy2 @Fahrihamzah Politik dinasti peler lu korengan! Knp gak lu bikin hoax mesin KPU Pilkada njing? Nyali lu ciut mau nyalahin rakyat Solo,negative
1.71E+18,@RamliRizal Hilang akal sehat rakyat di nkri klo skrg milih calon politik dinasti/karbitan,negative
1.71E+18,@tvOneNews Bukan politik dinasti kalo yang milih rakyat🤭  Pertanyaan sederhana,positive
1.71E+18,"@Dennysiregar7 Kalau dilihat  aku rasa dinasti politik "" sudah ada dr jaman dulu. Cuma ada dinasti politik yg jd negatif karena cari untung dr uang rakyat / yg positif bisa menjalankan program dg lumayan baik &amp  ada terobosan jelas. Lgpun yg milih lgs ",negative
1.71E+18,@03__nakula Klo rakyat yg milih salah klo d sebut dinasti politik krn rakyat tau yg terbaik buat mereka,positive
1.71E+18,Yg mau Nyapres itu Prabowo,positive
1.71E+18,@PutraBachtiar9 @DiniHrdianti @jokowi Dinasti politik itu klo sanak sodaranya diangkat dan dipilih sendiri ,positive
1.71E+18,@ArifinSMSiregar @Dennysiregar7 Kalo mereke dijadikan pake SK Presiden baru namanya politik dinasti / nepotisme Lha bobi,positive
1.71E+18,Jika tdk ingin yg dianggap politik dinasti ya jgn dipilih donk pak... Klo rakyat mayoritas yg milih apakah jg bisa dianggap politik dinasti... klo rakyat menganggap dia mampu apakah dianggap politik dinasti. Hrsnya kita kritik DPR jgn sampai mandul utk mengawasi pemerintah.,positive
1.71E+18,@Umar_Hasibuan__ Blok yang milih itu RAKYAT !? NIE ORANG PASTI GAK BISA BEDAIN OPLAS AMA DIGEBUKIN,positive
1.71E+18,@narkosun @gibran_tweet @kaesangp ngatain dinasti politik itu ya aslinya salah,negative
1.71E+18,@Chamomileyz @tobiin @partai_hijau Bedalah. Dinasti politik itu kayak ketum partai nunjuk anaknya buat jadi ketum baru. Kalo walikota kan yg milih rakyat. Bukan presiden nunjuk anaknya kemudian anaknya jd walkot. Yg milih kan rakyat bukan presiden yg mili,positive
1.70E+18,@Okki_Sutanto Ini dia pemikiran usang. Dinasti poltik jaman kuno yg tidak berguna bagi bangsa dan negara. Tpi jaman skrng sudah beda bung. Meskipun itu dinasti politik. Klo ga bsa kerja. Ga ada hasil ya rakyat ga milih. Ayo perbarui pengetahuan dilapangan,negative
1.70E+18,Ah elah ada2 saja bajer partai penyefonk jokowi. Antitesis dinasti politik,negative
1.70E+18,@MelodiAsyik @Tan_Mar3M @DadangRusdi Nggak ada tu khianat2..Makanya jadi partai besar.. Jgn dinasti politik biar rakyat banyak milih.. Jd gak tergantung partai lIn,negative
1.69E+18,"@yaniarsim Jaman now kok politik dinasti...la.wong yg milih rakyat....ya suka rakyat....piye to kowe.kie😃😃😃""",positive
1.69E+18,@tvOneNews Guoblog sak emak buapaknya yg mampus itu si @RamliRizal ini. Dinasti politik itu jika orang tuanya yg nunjuk langsung tanpa proses pilihan dari rakyat/warga,positive
1.69E+18,@iskandarplenet @ch_chotimah2 @prabowo Rakyat hanya milih dari yang disodorkan partai coy. Btw perluas otakmu ya. Bukan dinasti ala kerajaan. Klo loe sempit pemahamannya kaya gitu ya ga bakal kena. Ini politik dinasti. Faham ya.,positive
1.69E+18,@amaludinmzr @tvOneNews Emangnya Gibran sama Tommy diangkat langsung oleh presiden Jokowi ya? Kan rakyat yg milih... Masih ada aja yg percaya dinasti politik,positive
1.69E+18,@Andikermit @Okki_Sutanto Sama seperti dinasti politik di daerah contoh Atut di Banten ,negative
1.69E+18,@valkyrie7650 @Andikermit @Okki_Sutanto Bener,positive
1.69E+18,@RizkiR4madani @ganjarpranowo @kaesangp Mau nyalon silahkan mas asal ada yang milih. Depok aman dan toleran,positive
1.68E+18,@04_zainal Sing panik sopo ? Silahkan kaesang nyalon jadi walikota depok. Asal ada yang mau milih saja. Rakyat jabar dan depok makmur,positive
1.68E+18,@BiLLRaY2019 Di jabar aman mas,positive
1.68E+18,@yaniarsim @PKSejahtera @kaesangp @Gamal_Albinsaid Dinasti politik lagi... yg akan milih rakyat koq... kalo gk suka yg jgn dipilih! Dr mana dinastinya?,positive
1.68E+18,@AndiSinulingga Politik orba?? Hehehhehehhe.... setiap insan yg punya qualifikasi dan sdh dibuktikan dgn dipilihnya oleh rakyat pemilih,positive
1.68E+18,Iya politik dinasti di era skrg kan (demokrasi yg benar bukan Orba apalagi Kerajaan) tergantung juga sama Rakyat yg Cerdas apa Bodoh,negative
1.68E+18,Lantas merusak demokrasi di bagian mananya? Toh tak ada yang dilanggar oleh mereka,positive
1.68E+18,Giliran Banten dibilang dinasti politik,negative
1.68E+18,@RamliRizal Yang milih rakyat Pak RamliRizal,positive
1.68E+18,anak mantan disamain sm yg lagi bkuasa @muchlis_ar 🤦🏻‍♀️  dinasti politik itu,negative
1.68E+18,@dennyindrayana Bibit dinasti politik sdh tersemai di partai Demokrat . Klo berkuasa berbahaya. Tapi tunggu dulu... rakyat milih gk?  Klo rakyat milih silakan saja.,negative
1.68E+18,@temponewsroom Dasar penulis bloon. Politik dinasti tu kalo anak atau keluarga dari presiden ditunjuk langsung sama presiden buat menduduki jabatan pemerintahan . kalo masih Ikut pilkada namanya yg milih rakyat. Bikin fitnah aja lu jadi penulis.,negative
1.68E+18,@temponewsroom Menjadi kepala daerah bukanlah dinasti politik.. krn dipilih rakyat.. kl rakyat gak suka ya gak usah milih... beda hal nya dgn menteri,positive
1.68E+18,@BuniYani Dinasti politik gimana? Kan yg milih Rakyat...trus menang juga engga pake jualan agama.. Jualan ayat dan mayat..  🤣🤣🤣.. Hahaha,positive
1.67E+18,@berlianidris Politik dinasti itu ketika Jokowi jadi kepala negara .terus anak nya di jadikan perdana menteri anak nya jadi gubernur dan seluruh keluarga nya dia yang nunjuk untuk di jadikan kepala negara daerah   Lah ini rakyat yang milih kok dinasti .ke,positive
1.67E+18,@Rizaldy_Hary @PartaiSocmed Ya misal parpol A,positive
1.67E+18,Saat Gibran ditanya soal politik dinasti dulu,positive
1.67E+18,Ya kan golongan mereka adalah manusia malas berfikir atau gak punya pikiran,negative
1.67E+18,@democrazymedia Ya sdh jlas lah min,positive
1.67E+18,@willsarana Klu mw tw soal dinasti politik,positive
1.67E+18,@dindrige @maxwalden_ Lah gw kan menjawab tuduhan dinasti politik..ya kembali ke pilihan rakyat..mau milih dia ga..,positive
1.67E+18,@sigitwid @kaesangp @psi_id ratu Atut juga yg milih rakyat tapi ttep disebut politik dinasti  banyak sebutan politik dinasti hasil demokrasi,positive
1.67E+18,@iwanfals Katanya dinasti politik... Katanya nepotisme...   Padahal itu kan demokrasi.. yg milih rakyat.  Partai juga bukan milik keluarganya.  Bagaimana pendapat Bang @iwanfals ?,positive
1.67E+18,@pencinta_ikan22 @republikaonline @kaesangp Yg milih kan rakyat knpa d bilang politik dinasti  wkwk mikir drunn ,positive
1.67E+18,@republikaonline Semua WNI berhak untuk mencalonkan dirinya untuk menjadi pemimpin di negeri ini ( yg milih rakyat) ,positive
1.67E+18,@YanHarahap Dinasti politik itu seperti Demokrat,negative
1.67E+18,@bonjurno31 @akhirpekann @inilahdotcom @jokowi @kaesangp emang gw kapan pernah bilang banten politik dinasti? itu terserah rakyat bamtrn lah mo milih pemimpinnya kek apa,positive
1.67E+18,@arkaatmaja7 @endonesa345 @editya77 @HusinShihab @kaesangp @psi_id Politik dinasti? Ini kan pemilihan umum,positive
1.66E+18,Politik dinasti itu kalo ditunjuk oleh keluarganya yg berkuasa.... Kalo rakyat yg milih... secara sah oleh konstitusi dan demokrasi . Ga ada yg salah..... yg jelas dalam hal ini ada yg ketakutan dari partai turun temurun berkuasa disana tanpa kemajuan apapun....,positive
1.66E+18,@KompasTV Demokrasi dibilang politik dinasti.  Ampun deh....🤕 Itu kan yang milih Rakyat.   Puskapol UI ini sepertinya simpatisan PKS nih...  Atau pembenci keluarganya Jokowi.,positive
1.66E+18,@bung_madin Politik dinasti salah siapa jadinya? Yg milih mereka kan rakyat nya sendiri,positive
1.66E+18,@bonjurno31 @bengben78051813 @gibran_tweet Kalo goblok jangan diumbar,negative
1.66E+18,@tommymks @Gus_Raharjo Dinasti politik apa dah,positive
1.65E+18,@bung_madin Ya sekarang yg milih siapa min... Kan orang orang Banten yg coblos mereka2 orang.. kecuali ada calon diluar kluarga mereka yg suara nya dikerjai nah itu yg masalah.. sekarang klo Banten gk maju krna politik dinasti yg milih ya rakyat bantennya,positive
1.65E+18,@bung_madin Yg bikin dinasti politik itu krn rakyat nya yg milih. Jng salahkan yg terpilih.kalonrakyat menolak mk tdknada dinasti itu.,positive
1.65E+18,@dirhalamsyah @chyntiaaasari @Bambang77197468 nah ini jugaaaa😆 atas nya begitu rakyat nya pun milih yang ngasih amplop dan besar,negative
1.64E+18,@plandiahastaken @Tokopedika @PartaiSocmed Politik dinasti?  Setiap WNI berhak utk maju pilkada Rakyat suka,positive
1.63E+18,@Janganndidenger @soccatton Lah kenapa bingung sih. Politik dinasti bukannya udah dicontohkan dr lini teratas,positive
1.62E+18,@BismaPancasona @TsamaraDKI Terus kenapa? Apa hubungannya ama Politik dinasti?! G pinter2 y,negative
1.62E+18,@bachrum_achmadi Taruh otak pada otak pda tempty jgn di pantat biar bisa berpikir waras.politik dinasti yg milih yg berkuasa langsung.ini kan yg mlih rakyt ,negative
1.62E+18,@abu_waras Ngaku muslim tapi tiap hari kerjaannya bikin fitnah ,positive
1.62E+18,@bachrum_achmadi Sekarang emang kalian gak teriak dinasti politik???  AHY gagal emang rakyat gak milih karena dipandang gak mampu &amp  hedon... Kenapa muncung kau jd kyk tai pitek?  Gerombolan kau bani Kadroen pe'ak 😂😂😂👎👎👎🤮🤮🤮,negative
1.62E+18,@agis_official @msaid_didu Goblog klo dbilang politik dinasti... Sangat tolol... Otaknya kotor juga pikirannya bebel... Yg milih rakyat kok ... Bodoh serta memalukan otakmu.,negative
1.62E+18,Dinasti Jokowi itu anak-mantu masuk politik dan bertarung di Pilkada,negative
1.56E+18,@bachrum_achmadi Politik dinasti SBY bukan dulu saja,negative
1.53E+18,@_ekokuntadhi Walaupun Politik Dinasti..yg milih juga rakyat..,positive
1.42E+18,@KakekHalal Lah merusak pemandangan sapa juga yg mau milih puan politisi dinasti,negative
1.38E+18,@BangMan75921199 @RikyAbimanyu @RamliRizal Apapun ngelesnya,negative
1.37E+18,Menurut saya dinasti politik gk masalah yg milih rakyat.langsung kalau dinasti atut itu menguasai semua lini bisnis proyek dari bapak anak isteri bahkan seluruh keluarganya. Kalau JKW lihat saja  kinerjanya ini kan baru mulai..jngn buat opini perbandingan..,positive
1.36E+18,@campusteast @emilsalim2010 Wkwkwk dinasti politik..letak dinasti politik  nya di mana yaa?..mereka kan yg milih rakyat nya kok,positive
1.34E+18,pada repot bahas politik dinasti sampe ga sadar kalo yang milih itu rakyat langsung.,positive
1.34E+18,Dinasti politik,negative
1.34E+18,@4Y4NKZ @CEMpl0k Politik Dinasti tu klo Pak Jokowi berhenti jadi presiden,positive
1.34E+18,@kompascom Dinasti politik gmna pas ampas,positive
1.34E+18,@niryoyo Klu rakyat peduli mrk gak akan milih calon dr dinasti politik,positive
1.34E+18,@aimrod Padahal pendapat soal politik dinasti juga subjektif,positive
1.34E+18,Dinasti Pemerintahan  Halal mergo seng milih rakyat secara langsung dan sah.  Kwi ra ono masalah e.   Masalah e neng proses kampanye dan fasilitas  Gonaku wae ndug sekilo iso go serangan fajar 🤭🤭  Yakin rakyat masih bisa memilih sendiri tanpa money politik?,positive
1.34E+18,Dinasti politik itu terjadi dalam kerajaan biasanya....lha ini pemilu dan lgsung oleh rakyat....ingat rakyat yang milih...bukan penguasa...  Terus dinastinya dimana coba....mari kita pikir pke otak yg bener dan kepala dingin.....,positive
1.34E+18,@bintangemon Politik dinasti atau apa pun itu tdk menyalahi aturan tergantung rakyat mau milih paslon dri keluarga sana atau sini itu bagian dri demokrasi.Di Amerika negara demokrasi tertua masih bnyk politik dinasti contohnya keluarga Bush yg nguasai Tex,positive
1.34E+18,@RachlanNashidik Politikus bodoh ini ga paham apa arti demokrasi dan dinasti politik,negative
1.34E+18,@a7ibayu disitu yang dilarang ikut proyek pemerintah om,negative
1.34E+18,@ayu_gie2008 @adearmando1 iri bilang drunn yg milih rakyat kok politik dinasti tolol lo emang ga ada lawan 🤣🤣,negative
1.34E+18,@mazzini_gsp @tempodotco Tinggal masy yang menentukan mau milih siapa. Kalo suka kerjanya dipilih kalo engga ya engga. Dinasti Politik ga cuma salah Parpol atau mereka calon wakil rakyat. Tapi ada salah masy yang memilih dan ga mau maju jadi wakil rakyat ,positive
1.34E+18,@detikcom Kalo orang bilang di nasti politik ambil kaca pak sebeye . Kenpa ahaye ga masuk dki 1. Dimana coba . Rakyat yang milih kok dinasti. Mikiiiiiirrrr...... kadroooooonnnnn...,negative
1.31E+18,Semua balik ke rakyat mau milih atau ga. Kalo ga ada rakyat yg milih terus tbtb jadi ya ini emang patut dipertanyakan,positive
1.31E+18,@Bebe_Rider @ellmoyyy @gabusrangers @okkymadasari Mrk mengira Politik Dinasti versi mereka ga melibatkan partisipasi rakyat sbg konstituen 😄.  Biar bininya presiden pun mengajukam diri buat gantiin klo ga ada yg milih ya Percuma,negative
1.31E+18,@yunaidi_indra @Fahrihamzah Dalam sistem demokrasi gak ada dinasti politik om. Yang milih rakyat. Bukan cuma bapaknya,positive
1.30E+18,Dinasti politik di sisi lain adalah keniscayaan. Modal sosial itu diturunkan melalui keluarga. Tapi mereka memperoleh jabatan publik bukan berdasarkan penunjukkan. Yang milih tetap rakyat. Bukan bapaknya. Masalahnya di mana?,negative
1.30E+18,@Gus_Raharjo Calon presiden 2024 dari pdip dan calon walikota solo 2020 pasti menang opo meneh solo kandang banteng,negative
1.29E+18,Yg pasti loe yg Goblok!! Emang loe ngerti ga apa itu Dinasti Politik?? Ini Demokratis yg milih rakyat!!,negative
1.29E+18,Politik dinasti atau regenerasi?  Sebenernya mau mereka2 yang maju juga gak masalah,positive
1.29E+18,@PartaiSocmed Selama rakyatnya ga bener,negative
1.29E+18,Bagi urang,positive
1.29E+18,@PolitrikBelajar dinasti politik di negara demokrasi itu berarti cuma fiktif aja ya berarti,positive
1.29E+18,@ustadtengkuzul Kenapa sinis dgn politik dinasti di amerika biasa saja dgn dinasti Kennedy,negative
1.29E+18,"@ardicandaa Klu saya pribadi tdk sependapat Mas Gibran Solo""",negative
1.29E+18,@kompasiana Kenapa ngga sekalian masukin Gibran ma Kaesang jadi Menteri? toh itu prerogatif Presiden...  Kenapa hrs milih jalan yg sulit lewat pemilu daerah minta suara rakyat Solo dulu bwat majuin karier politik Gibran?  Itu yg ente maksud sbg politik Di,negative
1.28E+18,@CongPadi @msaid_didu Nah,positive
1.28E+18,@RamliRizal Emang kalau rakyat yg milih masuk kategori politik dinasti ya??? Kalau boleh ngasih saran pk RR jd menantu pk jokowi aja!!! Kan lumayan bs ditunjuk lngsng jd RT,positive
1.28E+18,@kurawa Menurutku itu bukan dinasti politik beda krn yg milih rakyat,positive
1.28E+18,@The_Jaksh @MardaniAliSera Yaudah tinggal rakyat gausah milih gibran,positive
1.28E+18,@JustNandang @IndraJPiliang dinasti politik itu apa sih? pemilihan walkot ini bukannya dipilih langsung oleh rakyat? kalo gak suka kan tinggal gak usah milih,positive
1.25E+18,@SamudraVenus Kuasa dinasti : ngapain aj bebas Netter : beropini tp ga dianggep Rakyat klaten : mereka gabisa ap²slain milih yg mreka tau/prnh liat/prnh berjabat Strategi politik : mereka ga pduli sama opini aplgi kritik,negative
1.25E+18,Kuasa dinasti : ngapain aj bebas Rakyat klaten : mereka gabisa ap²slain milih yg mreka tau/prnh liat/prnh berjabat Strategi politik : mereka ga pduli sama opini aplgi kritik,negative
1.25E+18,@prstygals @mouldie_sep Kalo ada yg jengah dg politik dinasti ya edukasi rakyat supaya ga milihlah lagi &amp  itu butuh biaya.   mas @ridwanhr dr pd duitnya buat beli rumah di klaten mending buat kampanye agar rakyat Klaten ga milih keluarga itu,negative
1.25E+18,@akadusyifa Kuasa dinasti : ngapain aj bebas Netter : beropini tp ga dianggep Rakyat klaten : mereka gabisa ap²slain milih yg mreka tau/prnh liat/prnh berjabat Strategi politik : mereka ga pduli sama opini aplgi kritik,negative
1.25E+18,@Vindi_ahola @mkhoiruzt_ @akadusyifa Kuasa dinasti : ngapain aj bebas Netter : beropini tp ga dianggep Rakyat klaten : mereka gabisa ap²slain milih yg mreka tau/prnh liat/prnh berjabat Strategi politik : mereka ga pduli sama opini aplgi kritik,negative
1.23E+18,dinasti politik emang kliatan isu sepele. toh ada yg bilang: hak setiap orang dong utk masuk ke ranah politik. masa cuma krn kebetulan anaknya presiden,negative
1.21E+18,@bastianmalau1 Dinasti politik ndasmu...kalo rakyat ga milih ya gak jadi ..bukan ditunjuk seperti orde baru jaman Suharto...,positive
1.21E+18,Kalau yg milih bkn rakyat langsung boleh disebut membangun dinasti politik drun. Jaman skrg emang gampang gaet suara rakyat kalau bkn dr kualitasnya. Disogok jg blm tentu mau nyoblos yg nyogok.  https://t.co/AaDCgYdYIj,negative
1.21E+18,@autophilewin @seokpujinjafar @tubirfess Kok sampai ke bela-belaan? Kan emang kembali ke rakyat. Gibran punya hak nyalonin (walaupun dulu katanya ogah). Kalo ditakutkan terjad dinasti politik ya rakyat jangan milih itu poinku 😁,positive
1.20E+18,@detikcom Nah ini! Ada buktinya kok AHY.. Nggak bakal dinasti politik kalo nggak ada yang milih,positive
1.18E+18,'Dinasti politik' itu jangan disamakan dengan jaman kerajaan ya. Klo kerajaan,negative
1.72E+18,@jokowi Lihat lah Bapak penghianat politik sedang membangun dinasti ,negative
1.72E+18,@bobby_risakotta Hehehe.. capres berpengalaman ditenangin sama anak ingusan..  Tapi anak ingusan itu memang spesial sih.. karena anaknya presiden.  Kalau bukan anak presiden,negative
1.72E+18,@lhayesno @yunartowijaya Jual kesederhanaan?  Seperti jokowi?  Yang sekarang kalian tuduh membuat politik dinasti dan menjadi pengkhianat konstitusi itu?,negative
1.72E+18,@jansen_jsp @PDemokrat Dulu teriak perubahan dan sekarang balik ke keberanjutan dengan mengusung antek orba bersama dinasti politik jokowi.. 🤣,negative
1.72E+18,So,positive
1.72E+18,Polemik Dinasti Politik: Lain Gus Dur,negative
1.72E+18,Polemik Dinasti Politik: Lain Gus Dur,negative
1.72E+18,@HusinShihab Bukannya dari tahun 2014 rupiah juga anjlok ya Sin? Tapi loe tetap tegak lurus Jokowi. Gibran &amp  Bobby jd walkot,negative
1.72E+18,@chicohakim @jokowi @PDI_Perjuangan @ArsjadRasjid @pramonoanung @bobbynasution_ @GunRomli @imadya @prastow @Penyuka_ombak isu dinasti politik &amp  sengkarut MK juga skrg biarkan mjd domain bantahan paslon PS-GR krn nya GAMA gak usah terpancing byk nimbru,negative
1.72E+18,4. Utk tujuan tsb,positive
1.72E+18,Mahasiswa di Semarang Gelar Demo Tolak Politik Dinasti Presiden Jokowi https://t.co/ckKbYhNelM,negative
1.72E+18,@MarahIchsan Negara demokrasi tidak mengenal istilah politik dinasti karena yang menentukan siapa presiden bukan keluarga Jokowi tapi rakyat Indonesia. Contoh paling dekat adalah PM Singapura yang juga putra mantan PM Singapura. Apakah rakyat Singapura me,positive
1.72E+18,@WagimanDeep212_ Kita lawan Bib,negative
1.72E+18,@GunRomli pk guntur gak usah baper gk usah kepanasan yg penting kita sama2 berpolitik dengan santun tampa ada fitnah ini takdir prabowo gibran  jokowi bersatu jdi tfk ada dinasti politik. Terima saja kenyataan nya 🤣🤣🤣,positive
1.72E+18,@jambumanis19 @kompascom @jokowi Anda masih terbius wajah polos ndeso setelah dia bikin politik dinasti dan mengangkangi konstitusi dgn ipar nya.. Sadarlah dia itu tau benar ke naif Anda orang indonesia bisa di manfaatin.,negative
1.72E+18,@VIVAcoid Permainan politik tingkat tinggi. PDIP gak mau nyerang Jokowi scr terang-terangan krn gak mau pihak PS ambil moment “dizolimi”. Kalopun GP kalah,negative
1.72E+18,"@kompascom Sejak skandal"" Kep. MK 90",negative
1.72E+18,Kekecewaan terbesar awak,negative
1.72E+18,@Dennysiregar7 Sy bc postingan abang mkn prihatin,negative
1.72E+18,@jokowi 85 juta orang lebih pendukungnya dikhianati ama nih orang. merusak konstitusi negara memainkan politik dinasti seperti era soeharto yang digulingkan ditahun 1998 demi reformasi,negative
1.72E+18,@sigitwid ..konstitusi dikangkangi..MK sudah menjadi mahkamah keluarga..sentimen negatif menguat..rakyat akan melawan kolusi para elit Partai..tegak lurus konstitusi..lawan kolusi dan nepotisme...politik dinasti membunuh demokrasi..lawan Prabowo &amp  din,negative
1.72E+18,@jokowi Sebagian besar media Internasional memberitakan pemilihan Gibran Rakabuming sebagai bacawapres 2024 mendampingi Prabowo merupakan bagian dari nepotisme dan upaya membangun dinasti politik yang dapat merusak proses demokrasi.,negative
1.72E+18,Langgengkan Politik Dinasti,negative
1.72E+18,@narkosun Diakhir masa Jabatan Setelah ga jd Presiden Jokowi ga mau usut. Makanya dia sibuk untuk cawe-cawe melenggangkan dan menjadi Politik Dinasti dengan alasan untuk rakyat,negative
1.72E+18,@AntonKu73047372 Purnomo korban Dinasti Politik @gibran_tweet anaknya @jokowi,negative
1.72E+18,@kumparan bukan cuma merusak demokrasi,negative
1.72E+18,@henrysubiakto ada dinasti politik iya,negative
1.72E+18,Mahasiswa di Semarang Gelar Demo Tolak Politik Dinasti Presiden Jokowi https://t.co/OtitxGzQRu,negative
1.72E+18,@kumparan apa yang disampaikan mahasiswa untuk menolak #dinastipolitikjokowi itu udah bener banget ,negative
1.72E+18,@DokterTifa Dinasti Politik Jokowi,positive
1.72E+18,@Miduk17 sejarah akan mengingat,positive
1.72E+18,Menilik Hubungan Pengadilan Socrates Dengan Putusan MK Yang Sarat Akan Upaya Dinasti Politik Jokowi . . . Puan PKS NGAPAIN AJA Adian Gemoy Muda Bersatu Kiky 1.8 m Xi Jinping Nyesel ODGJ SHUT UP Copenhagen MKMK Erdogan Maguire Amran Sulaiman Rasmus Hojlund Turkey https://t.co/yJtC7KFTVW,negative
1.72E+18,Barisan calon kalah pasti akan selalu membangun narasi politik dinasti,positive
1.72E+18,@adearmando61 @gtobing2903 @RajaJuliAntoni  Gara² Raja Juli bilang Jokowi politik dinasti. Tolak politik dinasti yg membunuh demokrasi   😂😂😂 https://t.co/LbcEkSLIvn,negative
1.72E+18,@jokowi Kirain politik identitas berbahaya,positive
1.72E+18,@farhanajidharma Datanya ya berita itu. Yg paling banyak ya cuma pak Jokowi yg disebutkan.   Tapi kalau mau dibuka semua,positive
1.72E+18,@Pejuang__rupiah Politik dinasti membunuh demokrasi..lawan penculik &amp  dinasti jokowi menguasai 🇲🇨...🤟🤟🤟🤟❤️🇲🇨❤️..ganjar mahfud tegak lurus konstitusi..#GanjarMahfudTakGentar https://t.co/9lQEVQdfvG,negative
1.72E+18,Mahasiswa di Semarang Gelar Demo Tolak Politik Dinasti Presiden Jokowi https://t.co/ZbJz15T5qD https://t.co/ZbJz15T5qD,negative
1.72E+18,https://t.co/Pxy8gNGoz9,positive
1.72E+18,@PolJokesID @Gerindra Saya cuma mau nanya soalnya saya lumayan masabodo ama politik indo karna kadang hasilnya ketebak,negative
1.72E+18,Mahasiswa di Semarang Gelar Demo Tolak Politik Dinasti Presiden Jokowi https://t.co/UbCmEPqSaC https://t.co/Hobs0hQ8Th,negative
1.72E+18,Mahasiswa di Semarang Gelar Demo Tolak Politik Dinasti Presiden Jokowi https://t.co/Kkgef3Ytfx,negative
1.72E+18,Mahasiswa di Semarang Gelar Demo Tolak Politik Dinasti Presiden Jokowi https://t.co/r6Tf7b4kFE,negative
1.72E+18,Langgengkan Politik Dinasti,positive
1.72E+18,Keberadaan Gibran dinilai akan mendongkrak elektabilitas Prabowo dengan “efek Jokowi”,positive
1.72E+18,@AhmadGema7 ganjar/mahfud udh bagus bgt gem,positive
1.72E+18,Mahasiswa di Semarang Gelar Demo Tolak Politik Dinasti Presiden Jokowi https://t.co/R0dyN77vPL,negative
1.72E+18,Jokowi kianati PDP jokowi gibran mencla mencle  Buat Dinasti politik  Maka banyak pendukung Jokowi yg marah kecewa dan pindah dukung Ganjar   ProJo nusantara banyak yg pindah dukung Ganjar jd Relawan Ganjar  Pak @ganjarpranowo sdh punya Relawan Ganjar di 38 provinsi sejak Jokowi… https://t.co/tvW95YnNUJ,negative
1.72E+18,@jambumanis19 @kompascom @jokowi terbaik drmana yg mengabaikan etika politik dan tabrak aturan buat bangun dinasti politik,negative
1.72E+18,"Pada suatu ketika ...  Kontribusi terbesar Jokowi bagi demokrasi adalah pemutusan mata rantai dinasti politik dengan membiarkan anaknya tetap berjualan martabak.""  (15 Maret 2018) https://t.co/SdIwLVx7Dh""",negative
1.72E+18,@danielht2009 @Dennysiregar7 @PDI_Perjuangan #dinastipolitikjokowi x #antekorba jadinya ORBA ++ atau #OrdeBaruReborn,negative
1.72E+18,@Dennysiregar7 Minta ke emaknya untuk dijadiin walikota sampe presiden bahkan sampe anak dan mantunya jadi walikota,negative
1.72E+18,@Dennysiregar7 Semua permintaan dituruti,negative
1.72E+18,Keluarga nya  saling gotong royong,positive
1.72E+18,@willsarana pak jokowi juga manusia biasa mas,positive
1.72E+18,@Dennysiregar7 Salah pilih Jokowi dan hampir semua orang terkecoh,negative
1.72E+18,@Ajib20293663 Politik dinasti itu klo di tunjuk lsg anak jd menteri misal nya   Klo si gibran itu msih harus di pilih rakyat,positive
1.72E+18,Mau dgn seribu alibi,negative
1.72E+18,Sebabak Drama Politik Dinasti  Sudah sampek di titik ini,negative
1.72E+18,@kompascom saya sudah tidak percaya lagi dengan pak jokowi karena ingin membangun dinasti politik dan saya sangat anti,negative
1.72E+18,Lo serang jokowi dgn makian2  - penghianat  - bocil bangsad  - haus kekuasaan  - politik dinasti  - Berhala   Gue mana komen tuit lo smua   Giliran gue tuit bela jokowi ko pd kegerahan 😂🤣   Gue ga suka pendukung #GanjarMahfud jd pembenci spt ini  ‼️,negative
1.72E+18,Bakal calon presiden dari Koalisi Indonesia Maju (KIM),positive
1.72E+18,Ratusan Mahasiswa di Semarang Demo Protes Politik Dinasti Jokowi https://t.co/GmSocQoaJU,negative
1.72E+18,@eddy_widodo_165 @kompascom The real dinasti politik yang keliatan banget tabrakin aturan ya jokowi,negative
1.72E+18,Jokowi ini udah nggak cukup kapabel jadi presiden,negative
1.72E+18,Langgengkan Politik Dinasti,positive
1.72E+18,Langgengkan Politik Dinasti,positive
1.72E+18,@Hero212_reborn Jangan dipilih politik dinasti jokowi   Indonesia negara demokrasi.   #OrdeDunguHarusDiakhiri #OrdeDunguHarusDiakhiri https://t.co/t6fChtcmgm,negative
1.72E+18,Dinasti Jokowi…? Sekarang politik jadi sudah warisan keluarga,negative
1.72E+18,@kompascom Dinasti politik dimain kan itu sma hal nya jokowi 3 priode,negative
1.72E+18,@nestoradriyan @Yusrilihza_Mhd Bikin gaduh aja ini emang #dinastipolitikjokowi,negative
1.72E+18,#dinastipolitikjokowi sedang unjuk gigi,positive
1.72E+18,Usai Gibran resmi jadi cawapres Prabowo,positive
1.72E+18,Banyak yg tidak menyangka kalo akhir dr skenario drama politik  dinasti (tanda kutip) keluarga Jokowi dipertontonkan hingga saat ini .  Secara halus bisa dirangkum dengan 1 kalimat   DEMI TAHTA ,negative
1.72E+18,@kompascom lah Romo bicara politik.. dinasti politik kok pas Jokowi duank.. kan dinasti politik bukannya yg ketua umum,negative
1.72E+18,Wahai Bapak Politik Dinasti @jokowi   Rakyat mana lagi yang sedang kau incar untuk DITIPU DAN DIKHIANATI LAGI?!,negative
1.72E+18,Langgengkan Politik Dinasti,positive
1.72E+18,@reihannayaka @Yusrilihza_Mhd #MahkamahKeluarga  #dinastipolitikjokowi  #OrdeBaruReborn   Mau nambahin ?,positive
1.72E+18,@reihannayaka @Yusrilihza_Mhd MK udah dipegang pak lurah untuk memuluskan jalan membangun #dinastipolitikjokowi,negative
1.72E+18,@jokowi Shame on you Pak President @jokowi  membahayakan negara ini dng mengangkangi konstitusi dan membangun politik dinasti. Sungguh ngeri 🙈🙈  #OrdeBaruReborn https://t.co/QqA5cKpOp0,negative
1.72E+18,Gue nyantai banget pilpres kali ini,positive
1.72E+18,Soal Tudingan Dinasti Politik,positive
1.72E+18,@hasyimmah Moga2 ini revenge Jokowi ke dinasti banteng,positive
1.72E+18,goblok,negative
1.72E+18,MOTIF PRABOWO DUET SAMA JOKOWI KW. MAU POLITIK DINASTI KEK,negative
1.72E+18,@jokowi Dengan KKN pak dan politik dinasti..  Amerika punya Paman Sam Indonesia punya Paman Usman,negative
1.72E+18,@AirinDatangLagi Kl ingin memutuskan politik dinasti,negative
1.72E+18,@BlueSky217 Politik dinasti itu tdk dipilih rakyat tpi di tunjuk langsung,positive
1.72E+18,@NarasiNewsroom Titip pesan Mbak Nana dan tim jika berhasil mewawancarai mas Gibran sebagai Cawapres.  Apakah Mas Gibran dan keluarga tidak malu dengan opini publik yang beredar tentang Mahkamah Keluarga atau Dinasti Politik Jokowi ?  Semoga ditanyakan,negative
1.72E+18,@tvOneNews Jokowi berkuasa sdh 9 thn hanya sejahtrakn keluarganya lewat KKN berwujud dinasti politik ya. Fakta https://t.co/0WCyBiQQdN,negative
1.72E+18,Ya memang  bener  belum tentu pak jokowi  sempurna baik nya sbg presiden. Banyak kebijakan2 yg ga selalu tepat sasaran di masa pemerintahan dia. Ya bener dia praktekin politik dinasti ( mohon maaf kl aku bisa memaafkan hal  itu ),negative
1.72E+18,@kalkunjava @twhandayani78 @detikcom Tanpa harus dikomparasi dgn pilihan siapapun,positive
1.72E+18,Dinasti politik bertujuan untuk melanggengkan kekuasaan dan kapital. Praktik dinasti politik memerlukan cara-cara culas untuk mencapai tujuan yang diinginkan.  Dinasti Politik Jokowi Maju Selangkah Lagi  https://t.co/1Tnr9QJTSD,negative
1.72E+18,Apa itu Dinasti Politik? Pengamat Hukum Tata Negara Nilai MK Langgengkan Politik Dinasti Jokowi https://t.co/x1nMCxcnBS #TempoNasional,negative
1.72E+18,@StefanAntonio__ Ada juga loh orang tuh yg Setuju itu politik dinasti dan Tetap suka jokowi dan Milih PS dan GB.. Yuk Promosikan Jagoan masing2,positive
1.72E+18,[NEWS EXPLAINED]  Prabowo bela Jokowi dari tudingan dinasti politik. Ia mengatakan banyak parpol menerapkan dinasti,positive
1.72E+18,@hasyimmah maaf neh tapi suka ga suka 2 pemilu terakhir dan sekarang,positive
1.72E+18,@Dennysiregar7 Dulu anda sangat mendukung dan membela jokowi,positive
1.72E+18,@MprAldo Masih heran dari fisik aja lebih baik AHY daripada Gibran. AHY kok mau mau aja 🤣  Politik dinasti dipampangkan secara nyata padahal. Semoga kisruhnya PDI dgn jokowi menguntungkan Anies sebagai pemilih pak Anies mengharapkan temen temen pendukung,negative
1.72E+18,Ternyata Jokowi minta 3 periode tp ditolak Megawati,negative
1.72E+18,@Kanjeng2022 Amien ngais mendadak bisu pdhl Jokowi sdng melakukan politik dinasti. Tanya kenapa?,negative
1.72E+18,@jokowi DINASTI POLITIK ITU MENGERIKN KAWAN. JANGAN JADIKAN INDONESIA SEPERTI  KORUT...   https://t.co/z80JoVeak2,negative
1.72E+18,@Miduk17 Barangkali ini politik BALAS BUDI aja,positive
1.72E+18,@detikcom Jokowi Vs Megawati,negative
1.72E+18,@hasyimmah Yg bikin malas kubu jokowi Kembali ke masa kegelapan orba.. hukum dikangkangi/MK masalah HAM/penculikan aktivis Nepotisme/dinasti politik,negative
1.72E+18,@yantanu2_08 @jokowi Selamat menikmati drama politik dinasti😂,positive
1.72E+18,@kompascom nggak berdasar njir,positive
1.72E+18,@PDI_Perjuangan @deddysitorus @pramonoanung @puanmaharani_ri @jokowi soal dinasti politik juga,positive
1.72E+18,Jokowi,positive
1.72E+18,@jokowi Pak ramai bener soal politik dinasti. Tp saya cuman mau tnya aja nih,positive
1.72E+18,Ada sejumlah tuntutan yang disampaikan para mahasiswa,positive
1.72E+18,Suara nitizen +62.  Memilih Prabowo-Gibran Sama saja dengan menambah Jokowi 3 periode.  Indonesia hrs keluar dari jebakan politikn dinasti yg merusak tatanan politik dan demokrasi.,negative
1.72E+18,full power skrg,positive
1.72E+18,@hc_poirot Di sisa waktu jabtan byk kabinet yg di ganti,negative
1.72E+18,Pada mulanya... #dinastipolitikjokowi https://t.co/AK8luIfldO,positive
1.72E+18,Tiga Poros Capres-Cawapres yang Diusung Tiga 'Dinasti Politik'  Poros pertama pengendalinya adalah Surya Paloh,negative
1.72E+18,Target utama Jokowi.Mau di-cap Politik Dinasti...bodo amat.Dgn didukung Anwar Usman sbg Ket MK,negative
1.72E+18,dinasti politik jokowi tak hanya  mengoyak etika politik tapi sekaligus merusak demokrasi  #OrdeBaruReborn https://t.co/2qq28UsBVO,negative
1.72E+18,dinasti politik adalah keluarga yg patriotik,negative
1.72E+18,"dinasti politik mengacu pd keluarga yg memilih untuk mengabdikan diri untuk kepentingan bangsa.""👍Menhan",negative
1.72E+18,“Yg menentukan itu rakyat,positive
1.72E+18,Wkwkwkwk lebih pilih dinasti jokowi deh gue juga🤣 lebih seru nih dunia politik negara ini he he he,positive
1.72E+18,😅dinasti politik kalo untuk Indonesia lebih baik gmn PDIP ?? itu PDIP Megawati,positive
1.72E+18,Sandiwara Jokowi demi 3 periode lewat politik dinasti. 😡🤮,negative
1.72E+18,@ariel_heryanto Sekelas Professor hanya baca Judul @ariel_heryanto trus era Jokowi Korupsi makin Menjadi jadi... Makin memuja Jokowi nih.. Professor Punya Solusi apa!!! Pendukung Dinasti Politik!!! Memalukan!! Gak punya Solusi.. Buat apa Gelar Prof.. Indo,negative
1.72E+18,@YepryR Semuanya dikibulin sama dinasti politik keluarga Presiden Jokowi,negative
1.72E+18,Jokowi gebukin Jokowi. 🤣🤣  Pendukung Prabowo yang dulu biasanya selalu su'udzon tiba² hening,negative
1.72E+18,kalo mau menunjukan dinasti politik ya terang2an aja skrg. nanti alesannya tinggal bawa2 “rakyat”. mudah kan? ya bener ya @jokowi @gibran_tweet,negative
1.72E+18,@kompascom Jd si butet ini bkn ga suka politik dinasti tp dy khawatir ganjar kalah klo ga 'dibantu' jokowi 😆,negative
1.72E+18,Tanggapi Dinasti Politik Jokowi,positive
1.72E+18,@marchhasshhh @Axtrophysics @tvindonesiawkwk Kualitas bisa diliat dari Rekam jejak masing2 Capres,positive
1.72E+18,kukira pak jokowi disetir bu mega,negative
1.72E+18,@DutaLinux @Dennysiregar7 @KPU_ID Ohya,positive
1.72E+18,@NenkMonica Mega...!!!,positive
1.72E+18,@Dennysiregar7 dulu denny itu gila mati mendewakan jokowi,negative
1.72E+18,Kasihan ya jadi anak muda. Gampang banget digoreng dan digiring kesana kemari. Membayangkan 3 anggota keluarga (Jokowi,positive
1.72E+18,Nggak kayak kita-kita yang cuma sambat di twitter waktu tau Pak Lurah lagi bangun dinasti politik,positive
1.72E+18,Warnai.  https://t.co/c7Bg1kTJsS  #dinastipolitikjokowi  #JokowiPredatorPemilu2024  #JokowiLanggarKonstitusi,positive
1.72E+18,Lagi kita warnakan.  https://t.co/OV4Dush4v7  #dinastipolitikjokowi  #JokowiPredatorPemilu2024  #JokowiLanggarKonstitusi,positive
1.72E+18,PKS menanggapi permainan politik dinasti yang sedang dibangun Jokowi . . . Adian Habib Luthfi 1.8 M MAU BANGET MKMK Queen Rania SMA VS SEKARANG Foto Liburan Keluarga Clarence Thomas UN Secretary General KARINA DRAMA TEASER Profesor Chief of Staff Capresmu https://t.co/bn7yRLPK7s,negative
1.72E+18,PKS menanggapi permainan politik dinasti yang sedang dibangun Jokowi . . . Adian Habib Luthfi 1.8 M MAU BANGET MKMK Queen Rania SMA VS SEKARANG Foto Liburan Keluarga Clarence Thomas UN Secretary General KARINA DRAMA TEASER Profesor Chief of Staff Capresmu https://t.co/z4MXaZVnrk,negative
1.72E+18,Apakah keluarga Jokowi akan menjadi kayak keluarga Kennedy? Sebetulnya banyak negara Barat memiliki dinasti politik yang sukses dan disukai rakyat. Ada juga yang ga.,negative
1.72E+18,Jokowi dulu dianggap sebagai pemimpin yang dorong nilai-nilai demokratis. Namun,positive
1.72E+18,Bila 3 calon nih kemungkinan besar dua putaran,positive
1.72E+18,Buku ini di buat tahun 2020. Itu artinya yang buat buku ini super genius. Di sana lengkap ceritanya. Jangan terkaget-kaget karena panutan kita tak sepolos itu.... Yang mau baca ini klik  Dinasti Politik Keluarga Presiden Jokowi - https://t.co/3ScdyRHhRf https://t.co/7yPZVl8q9n,negative
1.72E+18,@Leonita_Lestari Narasi bodoh yg dipercaya orang bodoh. Jokowi ya Jokowi @jokowi bukan @gibran_tweet dan Jokowi pun sdh berubah karena Nafsu Politik Dinasti nya. Gibran hanya Cawapres,negative
1.72E+18,Warga Solo disebut ramai-ramai dukung Prabowo Subianto di Pilpres 2024. Isu politik dinasti kemudian mencuat ketika anggota keluarga Presiden Jokowi kini seolah mendapatkan akses patas untuk naik ke jabatan tinggi pemerintahan. https://t.co/VQVp7bYgEv,negative
1.72E+18,@VIVAcoid Sejati nya Dinasti Politik,negative
1.72E+18,@KompasTV Ia masyarakat Menilai bahwa Anda @jokowi sedang membangun dinasti Politik. Wajah anda menipu smw org. Ternyata ada tak ubahnya Harto..!!,negative
1.72E+18,Orba aja gada dinasti politik,negative
1.72E+18,@narkosun Tidak patut memperoleh kekuasaan dg cara politik dinasti. Ternyata jokowi oh jokowi...,negative
1.72E+18,@wrahardian2 @Paramitha234 @AdianNapitupul1 @ak @gibran_tweet @DavidWijaya82 @ferdinand_mpu @MARQUEZ__93 yg jd masalah / isu di tengah masyarakat bukan itu... melainkan keputusan MK yg '' di duga sengaja meloloskan keponakanya jd cawapres. karena ada hubu,negative
1.72E+18,kepada negara dan bangsa NKRI 2) Gue lebih suka milih dinasti Pak Jokowi ketimbang dinasti Partai Politik PDIP yang sudah bertahun-tahun lamanya menguasai dan memotori pemimpin kita dari belakang Layar. #PrabowoGibran #PAGIyangcerahuntukIndonesiaTerusMaju,positive
1.72E+18,@narkosun Lah di Indonesia dari dulu itu sdh Politik Dinasti....Mulai Soekarno,negative
1.72E+18,@west_vurginia @PartaiSocmed Anies Pertama,positive
1.72E+18,@PartaiSocmed Minimal Amin paling dikit kelemahannya. Dukung gama memperpanjang kerusakan yg sudah dibuat PDIP dan Jokowi. Dukung Bogi merusak demokrasi,negative
1.72E+18,@husnimubarak_id @ariel_heryanto Prof tukang sebar kebencian ini si Ariel. Dia jg yg berkontribusi dalam politik dinasti Gibran hari ini. Buzzerp Jokowi itu orang.,negative
1.72E+18,@ariel_heryanto Otak sudah tertutup kebencian mulu. Lo itu kontributor nyata akan adanya politik dinasti Gibran hari ini. Gak nyadar Lo itu buzzer Jokowi???????????,negative
1.72E+18,@ariel_heryanto Woy Ariel,positive
1.72E+18,@dAsalbantani @islah_bahrawi @jokowi Pusing membangun dinasti politik https://t.co/M6qMHZk4Ro,negative
1.72E+18,@seruanhl @03__nakula @B3doel___ @BiLLRaY2019 @AntoniusCDN @yarachantique @denni_sauya @aan_muba @007koteka @Urrangawak @RenaHoston178 Kenapa hanya dinasti Jokowi yang di bahas. Padahal sebelumny asudah buanyak dinasti dinasti politik,positive
1.72E+18,Geli jir liat jokowi ,negative
1.72E+18,@Yettidewi @kangdede78 @jokowi Mohon maaf kalau Gibran lahirnya telat. Jangan ada diskriminasi umur hanya demi melanggengkan kekuasaan partai dinasti politik PDIP.,negative
1.72E+18,Kayanya ga terlalu ngaruh orang udh tau ketua MK iparnya jokowi dan bikin gibran bisa jd cawapres,negative
1.72E+18,Berita Pilihan,positive
1.72E+18,@kumparan negara ini bukan kerajaan yg bisa diwariskan kepada anak cucunya....Lawan Politik Dinasti KKN NEPOTISME @jokowi  dan keluarganya,negative
1.72E+18,Top Isu,positive
1.72E+18,Ada yang membandingkan dinasti politik Indonesia,positive
1.72E+18,Tim Pemenangan Koalisi Indonesia Maju diwakili oleh Dahnil Anzar Simanjuntak menyampaikan   Diskursus dinasti politik dilihat dari aspek yang positif atau klan politik,positive
1.72E+18,@StefanAntonio__ mau dikasi pembelaan &amp  argumen apapun ya emang politik dinasti @gibran_tweet mau dikasi bumbu apapun org waras sdh pasti nyadar,negative
1.72E+18,@AirinDatangLagi negara ini bukan kerajaan yg bisa diwariskan kepada anak cucunya....Lawan Politik Dinasti KKN NEPOTISME jokowi dan keluarganya,negative
1.72E+18,@CNNIndonesia Memenangkan prabowo sama saja melanggengkan politik dinasti yg sdah digunakan jokowi.. Negara kok coba2..nyoba yg srig kalah dmi ambisinya msuk pemerintahan ngumpul modal dn kekuatan.. Nyoba walikota bersumpah 1 periode 2 th dh ngacir... Tdk,negative
1.72E+18,@sigitwid negara ini bukan kerajaan yg bisa diwariskan kepada anak cucunya....Lawan Politik Dinasti KKN NEPOTISME jokowi dan keluarganya,negative
1.72E+18,@Aryprasetyo85 negara ini bukan kerajaan yg bisa diwariskan kepada anak cucunya....Lawan Politik Dinasti KKN NEPOTISME jokowi dan keluarganya,negative
1.72E+18,@narkosun Cebong 9th pada pingsan skrng br sadar,negative
1.72E+18,Jokowi Diterpa Isu Dinasti Politik,positive
1.72E+18,Sambutan Pertama Gibran Sebelum Pendaftaran ke KPU  Gibran tanpa Jokowi Bapaknya sebagai Presiden apakah mungkin akan dicalonkan sebagai Cawapres Prabowo?  Inilah buruknya Dinasti Politik,negative
1.72E+18,Rakyat Indonesia Sudah Sangat Pintar. (Survey terlampir sebagai refleksinya)  Masalah Pokoknya disini bukan soal Politik Dinasti dimana Gibran adalah Anak Pakde Jokowi maju sebagai Cawapres. https://t.co/uiWOubZ7x3,positive
1.72E+18,@WagimanDeep212_ di balik politik dinasti nya apakah mungkin ada transaksional  spt ini.  Prabowo - Gibran menang. ketum gerindra jadi milik Jokowi. full langgeng kekuasaan.,positive
1.72E+18,@tvOneNews Fasilitas negara tidak dipakai pak,negative
1.72E+18,Usai wacana presiden 3 periode ditolak Ketum PDI-P. Presiden Jokowi mulai bergerak merencanakan merubah syarat Capres/Cawapres agar Gibran bisa maju di pilpres 2024. Jokowi mengangkangi konstitusi untuk membentuk dinasti politik dan dinasti kekuasaan. #OrdeBaruReborn https://t.co/xgjovftZM1,negative
1.72E+18,@hariankompas Selasa ini : @kaesangp yg dadakan dinobatkan sbg Ketum  @psi_id kayak diplot utk bawa PSI dukung kakaknya.  Kemudian ketika kritikan masyarakat kpd @jokowi soal dinasti politik,negative
1.72E+18,@OposisiCerdas Karpet merah utk Gibran Produk Cawe cawe (Kepentingan Politik Dinasti) kerusakan Rezim Jokowi sdh berakar,negative
1.72E+18,Jokowi dari Hero to Zero: Gurita Bisnis Anak dan Skenario Politik Dinasti https://t.co/3AUX78K56J  #RakyatMuakPolitikDinasti  #RakyatMuakPolitikDinasti,positive
1.72E+18,@detikcom Tenang pak... putra mahkota sudah hadir....  #dinastipolitikjokowi,positive
1.72E+18,Jokowi dari Hero to Zero: 'Gurita Bisnis Anak dan Skenario Politik Dinasti' https://t.co/Q2gzT19jVJ https://t.co/Q2gzT19jVJ,positive
1.72E+18,Jokowi dari Hero to Zero: 'Gurita Bisnis Anak dan Skenario Politik Dinasti' https://t.co/NajDqtGMvH,positive
1.72E+18,@hasyimmah DINASTI POLITIK,negative
1.72E+18,Politik dinasti Jokowi ancam demokrasi.  Penghapus nilai2 demokrasi itu bernama politik dinasti.  #RakyatMuakPolitikDinasti  #RakyatMuakPolitikDinasti https://t.co/YogCoDfbnD,negative
1.72E+18,@Jelli_cent @perssepssi_ Hooh. Terlanjur basah apalagi anak jokowi disono makin merasa benar sudah. Politik dinasti gakpapa asal Pak jkw yg nyuruh 🤣,negative
1.72E+18,@holopiscom Jokowi dan MK telah melakukan kejahatan konstitusional untuk  membangun dinasti politik dengan membuat aturan khusus bagi  keluarganya.,negative
1.72E+18,@Nicho_Silalahi @KPK_RI @jokowi rezim yg hanya mengutamakan kepentingan politik,negative
1.72E+18,Bela Jokowi,positive
1.72E+18,Dinasti Politik Jokowi Dianggap Rusak Demokrasi,negative
1.72E+18,@hasyimmah jokowi jadi presiden dari PDIP,positive
1.72E+18,Jokowi dari Hero to Zero: Gurita Bisnis Anak dan Skenario Politik Dinasti Pagii Sarapan Rayuan Palsu Jokowi Semalem Indosiar baekhyun is ezreal Mentan #AniesMuhaimin2024 #AMINkanIndonesia #SayaKecewa #Gaza_Genocide #FrenchOpen2023 #TwinklingWatermelonEp10 https://t.co/XDNIzFE8MB,negative
1.72E+18,@narkosun Betul,positive
1.72E+18,Pak #Jokowi  mempersilahkan masyarakat menilai apakah dirinya dan keluarga melakukan dinasti politik dengan menjadikan #GibranRakabuming  menjadi bacawapres #Prabowo. Dia menegaskan bahwa saat ini kepala daerah dan presiden hingga kini masih dipilih oleh masyarakat. https://t.co/RuOOqBR45p,positive
1.72E+18,@sihol72 @KakekHalal @jokowi @ganjarpranowo @PDI_Perjuangan Indonesia Menggugat Pernyataanmu Pak Joko Widodo. Rakyat Sudah Muak Dengan Politik Dinasti 👎🤮,negative
1.72E+18,@aniesbaswedan Profesor jaman jokowi ada yg emg gtu pak,positive
1.72E+18,Kubilang Jokowi/Gibran itu ttp hanya boneka PDI. Gibran di naikkan utk menggusur suara Golkar dan Gerindra dan utk Jokowi tdk akan bisa lg kudeta Ketumnya cukup dgn satu issue yaitu politik dinasti,negative
1.72E+18,@ZulkifliLubis69 @jokowi @ganjarpranowo @prabowo Balasan bagi org2 yg suka tebar fitnah politik identitas.... akhirnya mereka dijatuhkan oleh politik dinasti,negative
1.72E+18,Hebat jika Jokowi saat ini tetap dukung Ganjar,positive
1.72E+18,@KompasTV Keluarga pak Jokowi justru sebuah potret keluarga Indonesia yg mampu memotivasi anaknya terjun ke politik mempengaruhi generasi muda untuk berbakti pada bangsa dan negaranya ,positive
1.72E+18,Politik dinasti Jokowi ancam demokrasi  #RakyatMuakPolitikDinasti  #RakyatMuakPolitikDinasti https://t.co/ezFN7in8A7,negative
1.72E+18,@narkosun Harusnya dari dulu kek  loe bilang politik dinasti (sejak Gibran dan Bobby mau nyalonin walikota dan dan ketika anwar usman sah jadi suami adik Jokowi)  bukan malah membela presiden pilihan mu (Jokowi),negative
1.72E+18,Presiden Jokowi,positive
1.72E+18,Jokowi,positive
1.72E+18,@hasyimmah Urusan dinasti Parpol sm dinasti tampuk Pimpinan Pres/Wapres beda hal mas bro,positive
1.72E+18,Demokrat menanggapi santai soal kisruh politik dinasti yang belakangan menguak ke permukaan,positive
1.72E+18,Pendukung Jokowi,negative
1.72E+18,@HjMaliha @Stakof Ya.  . .. hingga terkabarkan bagaimana kontroversi politik dinasti ala jokowi...🤣🤣,negative
1.72E+18,@hasyimmah Megawati &amp  puan dinasti politik melalui kaderisasi partai,negative
1.72E+18,@Metro_TV @jokowi @gibran_tweet Akhir jabatan yg menyedihkan,negative
1.72E+18,Akhirnya Jokowi Angkat Bicara Soal Dinasti Politik: Masyarakat yang Menilai https://t.co/3XutAiurGZ,positive
1.72E+18,@what_abi_tch apologies for mansplaining 😅 WKAKW but this is such a misunderstood take bi,negative
1.72E+18,Jokowi hari-hari ini membagi kue ke hampir semua partai politik.  Ini bisa ditafsirkan merangkul dan bekerja bersama atau merangkul bersama untuk memuluskan dinasti politik.  Data dan fakta : 60,negative
1.72E+18,Terkait Isu Dinasti Politik,positive
1.72E+18,MUNAFIK SEMUA...  DINASTI POLITIK JOKOWI DIKRITIK,negative
1.72E+18,Ramai soal Politik Dinasti,positive
1.72E+18,Bagaimana mungkin disebut dinasti politik kalau jadi pemimpin itu dipilih sendiri oleh rakyat,positive
1.72E+18,mendiskreditkan jokowi pake alasan dinasti politik jg ga relevan mnrt gw,positive
1.72E+18,@kevynsaverio @jokowi @gibran_tweet Selamat datang dinasti politik...ambyarrrrrr negaranya,negative
1.72E+18,Hancurkan politik dinasti @jokowi negara ini bkn warisan nenek moyang jokowi,negative
1.72E+18,Prabowo Bela Jokowi Soal Dinasti Politik: Wajar Saja,positive
1.72E+18,@Uki23 Dinasti politik,negative
1.72E+18,@SiTukangUtang_0 @ILHAM2504 @namatanpaspasi @desita5769 @4nw4r__84 @inspirasi_jalan @PresidenNdableg @HidayatNatari @KaumTabu @dedidarmawan191 @Nurulkjo1 @opposite_sejati @Freed0mland5151 @omo_sugema6 @baronko_cole @Elin150671 @AmanDolok @BrianJones2022 @,positive
1.72E+18,Kecewa dengan Sikap Politik Dinasti Jokowi,negative
1.72E+18,@BosPurwa @jokowi @Kiyai_MarufAmin @prabowo @gibran_tweet @ZUL_Hasan @anismatta Mohon maaf pak Jokowi,positive
1.72E+18,ANAK,positive
1.72E+18,3- 4 hari ini dimana2 smw lg bicarakan Jokowi MK &amp  dinasti..makan di depot.servis di bengkel..nongkrong di cafe apalagi WAG.buka X IG TV dll juga sama..abad digital informasi maju luar biasa info bgt cepat smp di masyarakat beda dgn jaman thn 80-90 informasi politik gelap gulita,positive
1.72E+18,Kiprah Anak-anak Presiden: Potret Dinasti Politik dari Sukarno Hingga Jokowi https://t.co/BLXbUn9lqG #TempoNasional,positive
1.72E+18,Jokowi dari Hero to Zero: Gurita Bisnis Anak dan Skenario Politik Dinasti https://t.co/zLzamW9BXp https://t.co/c4oYOdpNCr,positive
1.72E+18,Apakah di era Jokowi terjadi dinasti politik?,negative
1.72E+18,Biarkan saja,positive
1.72E+18,Jokowi dari Hero to Zero: Gurita Bisnis Anak dan Skenario Politik Dinasti https://t.co/YAfHFA1ydU,positive
1.72E+18,Jokowi Angkat Bicara Soal Dinasti Politik: Masyarakat yang Menilai https://t.co/iKrqe9HB8Z,positive
1.72E+18,@Gank_Of_Petojo @jokowi herannya sekelas wowo aja malah ngeles ampe ke pucuk teh mirip ulet buat membela soal dinasti politik itu lumrah hahhaa,negative
1.72E+18,Jokowi Diterpa Isu Bangun Dinasti Politik,positive
1.72E+18,@Aryprasetyo85 @gibran_tweet Dinegara demokrasi tidak ada istilah politik dinasti karena terpilih atau tidaknya toh rakyat Indonesia yang menentukan,positive
1.72E+18,FAIZAL ASSEGAF UNGKAP BAHWA DINASTI POLITIK JOKOWI ADALAH POLITISI KARBITAN AKAN MENUJU KEHANCURAN.....‼️  #RakyatMuakPolitikDinasti #RakyatMuakPolitikDinasti 🆘🆗 https://t.co/5y026YDXdv,negative
1.72E+18,Jokowi dari Hero to Zero: Gurita Bisnis Anak dan Skenario Politik Dinasti  https://t.co/HeYaIu2a6K https://t.co/HeYaIu2a6K,positive
1.72E+18,@detikcom Bawa senyum aja 😊 Disebut nepotisme apabila berkaitan dengan kerugian negara. Kalau ada anak Jokowi yang ikut nyapres,positive
1.72E+18,Prabowo Singgung PDIP : Semua Partai Ada Politik Dinasti  #Politik #dinastipolitikjokowi #Gazabombing #Gaza_Genocide #IsraeliNewNazism #Bitcoin  https://t.co/3OJgPiEFfN https://t.co/X7H40hMrCE,negative
1.72E+18,@bentangnegeri sekarang ini sbenar nya perang antra 2 parpol yg sdng mmperubutkn pendukung jokowi .krna jokowi akan selesai dngn tugasnya.cara2 mreka brutal tanpa memikirkn jokowi.jangn kaget siapa yg melempar isu dinasti politik akan mnuai hasil nya.bkn ,positive
1.72E+18,Jokowi dari Hero to Zero: Gurita Bisnis Anak dan Skenario Politik Dinasti https://t.co/htWFPiWCN6,positive
1.72E+18,@saiful_mujani Ipul lupa dulu endorse Jokowi lewat surveinya,positive
1.72E+18,@CheppyRosadi @ZulkifliLubis69 @prabowo @jokowi BETUL SAYA NGGA SUKA KARENA MENGHALALKAN SEGALA CARA UNTUK MENDAPATKAN DUKUNGAN DARI PENDUKUNG JOKOWI,negative
1.72E+18,@HusinShihab Bukannye elu yang bela jokowi mati2an,negative
1.72E+18,Tidak seharusnya MK memutuskan dan menghakimi masalah batas usia Capres-Cawapres.  #dinastipolitikjokowi #dinastipolitik #jokowi #jokowidodo #gibran #gibranrakabumingraka #MahkamahKeluarga https://t.co/7d8QEcYTH4,negative
1.72E+18,Jokowi dari Hero to Zero: Gurita Bisnis Anak Jokowi dan Skenario Politik Dinasti https://t.co/g1nAJDoQrz #TempoIndonesiana,positive
1.72E+18,@StefanAntonio__ Kita yang tadinya pendukung setia,positive
1.72E+18,Gua kasih tau semua pendukung Ganjar semua nya,positive
1.72E+18,@narkosun Dulu sewaktu mencalonkan diri sbagai walikota Solo,positive
1.72E+18,Klo Mao politik dinasti bagusnya gak disatu negara ajah...misal Gibran nyalon jadi PM Singapura,positive
1.72E+18,@FaldoMaldini partai pendukung #dinastipolitikjokowi,positive
1.72E+18,@kumparan kali ini saya setuju dengan @jokowi,positive
1.72E+18,Jokowi Tanggapi Soal Dinasti Politik,positive
1.72E+18,@jokowi Bagus pak kata2nya tpi implementasi nya kozong kozong kozooooonggg. Membangun dari hutang kok bangga. Lebih hebat Anda mau bangun dinasti politik lewat MAHKAMAH KELUARGA,negative
1.72E+18,@CNNIndonesia Iya pak @prabowo  semua ada dinasti politiknya CUMA BEDAnya dinasti politik pak Jokowi ini mengobrakabrik Konstitusi! Cacat hukum seperti yg pak YusrilIM katakan! Diawal saja sdh berani ngangkangi konstitusi gimana endingnya pak? Jangan bodo,negative
1.72E+18,Jokowi dari Hero to Zero: Gurita Bisnis Anak dan Skenario Politik Dinasti https://t.co/js3bZgvkUZ,positive
1.72E+18,@TeddGus Kalau @gibran_tweet tidak dipecat @PDI_Perjuangan maka dapat dipastikan Jokowi dan Mega ada dalam pusaran politik dinasti ini,negative
1.72E+18,@has_meliala 4. Atau memang birahi politik dinasti Jokowi,negative
1.72E+18,Bismillah  Cawe-cawe Politik Dinasti anak ingusan Jokowi memberi kesan mudah &amp  remeh menata kelola bangsa yg besar ini,negative
1.72E+18,@B_ariesandi Kata @jokowi soal politik dinasti,positive
1.72E+18,@jokowi Kunci keberlanjutan adl bangun dinasti politik dan biarkan anak berkuasa jd penguasa Indoneisia meski aturn g bsa.,negative
1.72E+18,@CNNIndonesia Baca arti dinasti politik... Seharusnya prabowo belajar dari Ibu mega ...PDIP berhasil Bina kader yg jadi kepala daerah. Ada keluarga Bu mega yg jadi kepala daerah? Malah Jokowi yg Gak tahu diri  Dan moralitas kejujurannya sangat buruk Di ak,negative
1.72E+18,@amun_ra2 @GianTakeshi87 @kleponijo99 @Gojekmilitan @PDI_Perjuangan Semua ini bisa terjadi krna pengaruh sejumlah peristiwa yg telah terjadi akibat  keEgoisan si emak yg ingin mendirikan politik dinasti sih maka nya beliau kurang menghargai kadernya sendi,negative
1.72E+18,@StefanAntonio__ Masih bocil gembluk solo udah rakus kekuasaan ntar klo dia goal dia bakal masukkan istrinya jadi mentri sosial dan adiknya kosong ngarep mau dijadiin mentri dilahan basah spy komplit politik dinasti. Bisa diramalkan disini bhw prabodongla,negative
1.72E+18,@detikcom Jokowi dibesarkan dan dipilih rakyat yg anti politik dinasti,positive
1.72E+18,@AuntyNovi1978 Ga berbobot 🤣🤣 blunder2 aja Prabowo 1. Klo dikasih duit ambil duitnya jgn pilih orang 2. Politik dinasti jokowi tidak apa2 jika untuk bangsa dan negara 3. Menyesal didukung dengan kelompok Islam saat Pilpres 2019 4. Gabung ke Jokowi tanpa,negative
1.72E+18,Kecewa dengan Sikap Politik Dinasti Jokowi  DPD Rumah Jokowi Sumatera Selatan Cabut Dukungan dan Bakar Bendera Pataka   https://t.co/79MrFtPeUT  Politik dinasti!,negative
1.72E+18,Dinasti politik Itulah keluarga Jokowi. Haus akan kekuasaan.   https://t.co/RXL4aFWEEu,negative
1.72E+18,@toniksujanainfo @pujasera_mgl @jokowi Rubah perarturan = ATURAN tha?  Gmana klo seumpama @gibran_tweet jadi wakil Ganjar? Apakah tetep dinasti Politik?  Bagaimanapun,positive
1.72E+18,@ronin_alim Sy sih curiganya gtu,negative
1.72E+18,@kitasamasaja_ Ya betul.  Narasi politik dinasti ini memang jdi diskusi menarik.  Tapi pernah gak kita nanya,positive
1.72E+18,@Aryprasetyo85 @gibran_tweet Coba pikir,positive
1.72E+18,Jadi jika politik dinasti hanya disematkan pada pak @jokowi saja,positive
1.72E+18,@TeddGus @ganjarpranowo kalo ganjar Gibran mereka mau,positive
1.72E+18,@detikcom Komplit.  Mahkamah Keluarga.  Dinasti politik.  Keluarga Jokowi.   Sudah tidak ada lagi cerita membanggakan anak presiden yg jadi tukang martabak dan tukang pisang.  Kini mereka kongkalikong membangun sebuah dinasti politik.,negative
1.72E+18,"@aerogusniani @kompascom DinastiPolitikJokowi Kolabs Prabowo"" sukses bikin trend dunia maya nih! 📈""",positive
1.72E+18,Kyknya hr ini dah akhir semua @jokowi dah bkn kita mas,positive
1.72E+18,negara ini bukan kerajaan yg bisa diwariskan kepada anak cucunya....Lawan Politik Dinasti KKN NEPOTISME jokowi dan keluarganya #KonstitusiDiKorupsi,negative
1.72E+18,Begini Tanggapan Jokowi Soal Anggapan Dinasti Politik Usai Gibran jadi Cawapres https://t.co/Ll7BRevbN3,positive
1.72E+18,@H4l1mun_D1n61n Hebat sih adek ini,positive
1.72E+18,@emerson_yuntho negara ini bukan kerajaan yg bisa diwariskan kepada anak cucunya....Lawan Politik Dinasti KKN NEPOTISME jokowi dan keluarganya,negative
1.72E+18,@CherylTanzil @jokowi @gibran_tweet Aku pemilih Jokowi pasti pilih Ganjar karena anti politik dinasti,negative
1.72E+18,@Gus_Raharjo negara ini bukan kerajaan yg bisa diwariskan kepada anak cucunya....Lawan Politik Dinasti KKN NEPOTISME jokowi dan keluarganya,negative
1.72E+18,@Dennysiregar7 negara ini bukan kerajaan yg bisa diwariskan kepada anak cucunya....Lawan Politik Dinasti KKN NEPOTISME jokowi dan keluarganya,negative
1.72E+18,@eradotid Salut dgn sikap Jokowi dan fams.. Dari dulu sejak bapak ini dicalonkan presiden sedikit saja pergerakannya lgsg dibakar fitnah,positive
1.72E+18,Jokowi Buka Suara soal Laporan Nepotisme 'Dinasti Politik': Bagian dari Demokrasi https://t.co/U5Siv07EXf,positive
1.72E+18,@lhayesno Segitu rakusnya masih aja ngebela jokowi 🤣 kamu masih sehat kan?? Di belahan dunia manapun,negative
1.72E+18,@KataNadiaaa setidaknya,positive
1.72E+18,Isu Dinasti politik ini sedang digaungkan oleh kubu Mak Banteng &amp  Buzzer,negative
1.72E+18,Lagi #SayaKecewa   Kecewa dengan Sikap Politik Dinasti Jokowi  DPD Rumah Jokowi Sumsel Cabut Dukungan dan Bakar Bendera Pataka  https://t.co/WsIfnMdJQs,negative
1.72E+18,@BosPurwa @jokowi @Kiyai_MarufAmin @prabowo @gibran_tweet @ZUL_Hasan @anismatta Politik Dinasti di negara demokrasi berbeda dgn sistem monarki. Si sistem monarki dinasti hanya melibatkan keluarga. Sedangkan di sistem demokrasi melibatkan kelompok penguasa,negative
1.72E+18,@kumparan Sudah banyak masalah demokrasi Dan korupsi di Indonesia diciptakan oleh dinasti politik...klan Ratu Atut,negative
1.72E+18,@KompasTV Di Akhir jabatan membagun dinasti politik...  Sekalipun cawapres nya prabowo,negative
1.72E+18,Hak para politisi untuk mendukung atau membangun politik dinasti,positive
1.72E+18,@TheArieAir @Candra4smara Di hampir semua partai ada dinasti politik,negative
1.72E+18,@Metro_TV @jokowi Klau mengingatkan anak agar tdk trjun ke politik dulu atau katakanlah mnjadi kader partai trlebih dahulu hingga bpk lengser itu jauh lbih bijak! Sblim jd calonkan diri jadi walkota aoalgi mantu..pertanyaan skrang sjauh apa pemahamaan bel,positive
1.72E+18,Menanggapi tudingan dinasti politik Presiden Jokowi,positive
1.72E+18,"@MARQUEZ__93 Saya memaklumi politik dinasti yg diterapkan Jokowi mungkin hanya dg cara itu Jokowi dan keluarga bisa tetep berkuasa meskipun kesannya  ora duwe dugo"" thd partai yg telah banyak jasanya.""",positive
1.72E+18,@VIVAcoid Warga Jabar dan Banten paling anti jokowi. Jokowi saja keok besar di 2 provinsi ini. Sekarang kalian suguhi gibran anaknya jokowi yang naik pakai nepotisme hukum ala politik dinasti. Dan kalian klaim menang besar di 2 provinsi ini. Logikanya don,negative
1.72E+18,@Uki23 Bearti ideliasme kalian d @psi_id mendukung Orba Jilid 2 kan dgn Dinasti Politik Jokowi skrg? Percuma 1998 mahasiswa berdarah2 gulingkan Soeharto skrg kalian malah dukung Orba Jilid 2,negative
1.72E+18,Kan ngehek bingitz jawaban Presiden 😇😇✌  Jokowi soal Gibran Politik Dinasti: Yang Coblos Rakyat,negative
1.72E+18,@StefanAntonio__ Yg ente bahas kan soal politik dinasti nya? Lagian junjungan ente juga yg jadiin dia hakim MK. Dan Ganjar pun pola nya pasti sama kaya jokowi,negative
1.72E+18,Rakyat Indonesia sudah pinter² sekarang. Hasil survey Litbang Kompas ttg Gibran maju cawapres:  60,positive
1.72E+18,@meitag1 @__AnakKolong Cuma baperan aja kah? 🤭 Lupa kalau Yudikatif dikangkangin? Baru kejadian beberapa hari kemarin..  Dinasti politik Jokowi = Dinasti Orba.  #SayaKecewa,negative
1.72E+18,@CoachJustinL Jujur belom pernah ngeliat coach justin kritik Jokowi,positive
1.72E+18,@CNNIndonesia jokowi dan gibran kan kader PDIP,positive
1.72E+18,Ini Presiden @jokowi pura2 nggak paham atau beneran nggak paham artinya politik dinasti? Nggak nyambung blas jawabannya.,negative
1.72E+18,@CNNIndonesia Politik dinasti yang pilih rakyat,positive
1.72E+18,@TeddGus Jadi setuju politik dinasti ya? Politik dinasti keluarga Jokowi. Gitu kan ya?,positive
1.72E+18,Gulingkan Jokowi,negative
1.72E+18,@danieadriyan @JimlyAs Prabowo=antek orba,negative
1.72E+18,Khawatir Terbentuk Dinasti Politik,negative
1.72E+18,@KompasTV Dlm negara demokrasi yg milih rakyat itu bener Pak @jokowi tp dlm negara demokrasi jg diajarkan tentang etika/adab dlm berpolitik..krn kita bkn negara komunis/otoriter..apakah rakyat indonesia semuanya dianggap bodoh dn satu suara soal pemahaman,negative
